<?xml version="1.0"?>
<!--
/**
 * Solwin Infotech
 * Solwin Contact Form Widget Extension
 *
 * @category   Solwin
 * @package    Solwin_Contactwidget
 * @copyright  Copyright © 2006-2016 Solwin (https://www.solwininfotech.com)
 * @license    https://www.solwininfotech.com/magento-extension-license/ 
 */
-->
<config xmlns:xsi="http://www.w3.org/2001/XMLSchema-instance" xsi:noNamespaceSchemaLocation="../../../../../lib/internal/Magento/Framework/Acl/etc/acl.xsd">
    <acl>
        <resources>
            <resource id="Magento_Backend::admin">
                <resource id="Solwin_Extensions::extensions" title="Solwin" sortOrder="168231">
                    <resource id="Solwin_Contactwidget::contact_widget" title="Contact Widget" sortOrder="10" />
                </resource>
                <resource id="Magento_Backend::stores">
                    <resource id="Magento_Backend::stores_settings">
                        <resource id="Magento_Config::config">
                            <resource id="Solwin_Contactwidget::contactwidget_config" title="Contact Widget Section"/>
                        </resource>
                    </resource>
                </resource>
                <resource id="Solwin_Contactwidget::Contact" sortOrder="10" title="Contact">
                    <resource id="Solwin_Contactwidget::Contact_save" sortOrder="10" title="Save Contact"/>
                    <resource id="Solwin_Contactwidget::Contact_delete" sortOrder="20" title="Delete Contact"/>
                    <resource id="Solwin_Contactwidget::Contact_update" sortOrder="30" title="Update Contact"/>
                    <resource id="Solwin_Contactwidget::Contact_view" sortOrder="40" title="View Contact"/>
                </resource>
            </resource>
        </resources>
    </acl>
</config>