<?xml version="1.0" ?>
<schema xmlns:xsi="http://www.w3.org/2001/XMLSchema-instance" xsi:noNamespaceSchemaLocation="urn:magento:framework:Setup/Declaration/Schema/etc/schema.xsd">
	<table comment="solwin_contactwidget_contact Table" engine="innodb" name="solwin_contactwidget_contact" resource="default">
		<column comment="Entity Id" identity="true" name="contact_id" nullable="false" padding="6" unsigned="true" xsi:type="smallint"/>
		<constraint referenceId="PRIMARY" xsi:type="primary">
			<column name="contact_id"/>
		</constraint>
		<column length="255" name="name" nullable="true" xsi:type="varchar"/>
		<column length="255" name="email" nullable="true" xsi:type="varchar"/>
		<column identity="false" name="telephone" nullable="true" xsi:type="int"/>
		<column length="255" name="subject" nullable="true" xsi:type="varchar"/>
		<column length="255" name="time_to_call" nullable="true" xsi:type="varchar"/>
		<column name="date_of_birth" nullable="true" xsi:type="date"/>
		<column name="error_on_page" nullable="true" xsi:type="varchar"/>
		<column name="comment" nullable="true" xsi:type="text"/>
	</table>
</schema>