<?xml version="1.0" ?>
<config xmlns:xsi="http://www.w3.org/2001/XMLSchema-instance" xsi:noNamespaceSchemaLocation="urn:magento:framework:ObjectManager/etc/config.xsd">
	<!-- <preference for="Solwin\Contactwidget\Api\ContactRepositoryInterface" type="Solwin\Contactwidget\Model\ContactRepository"/>
	<preference for="Solwin\Contactwidget\Api\Data\ContactInterface" type="Solwin\Contactwidget\Model\Data\Contact"/>
	<preference for="Solwin\Contactwidget\Api\Data\ContactSearchResultsInterface" type="Magento\Framework\Api\SearchResults"/> -->
	<virtualType name="Solwin\Contactwidget\Model\ResourceModel\Contact\Grid\Collection" type="Magento\Framework\View\Element\UiComponent\DataProvider\SearchResult">
		<arguments>
			<argument name="mainTable" xsi:type="string">solwin_contactwidget_contact</argument>
			<argument name="resourceModel" xsi:type="string">Solwin\Contactwidget\Model\ResourceModel\Contact\Collection</argument>
		</arguments>
	</virtualType> 
	<type name="Magento\Framework\View\Element\UiComponent\DataProvider\CollectionFactory">
		<arguments>
			<argument name="collections" xsi:type="array">
				<item name="solwin_contactwidget_contact_listing_data_source" xsi:type="string">Solwin\Contactwidget\Model\ResourceModel\Contact\Grid\Collection</item>
			</argument>
		</arguments>
	</type>
</config>